test,,Str 0-1 (End),Turn 1,Str 1-2,Turn 2,Str 2-3,Turn 3,Str 3-4,Turn 4,Str 4-5,Turn 5,Str 5-6,Turn 6,Str 6-7,Turn 7,Str 7-8,Turn 8,Str 8-9,Turn 9,Str 9-10,Turn 10,Str 10-11,Turn 11,Str 11-12,Turn 12,Str 12-13,Turn 13,Str 13-14,Turn 14,Str 0-1 (Start)
,,,,,,,,,,,,,,,,,,,,,,,,,,,,,,
,,"AM  Kent Butaya, ford_mustang_gt3","AM  Kent Butaya, ford_mustang_gt3","AM  Kent Butaya, ford_mustang_gt3","AM  Kent Butaya, ford_mustang_gt3","AM  Kent Butaya, ford_mustang_gt3","AM  Kent Butaya, ford_mustang_gt3","AM  Kent Butaya, ford_mustang_gt3","AM  Kent Butaya, ford_mustang_gt3","AM  Kent Butaya, ford_mustang_gt3","AM  Kent Butaya, ford_mustang_gt3","AM  Kent Butaya, ford_mustang_gt3","AM  Kent Butaya, ford_mustang_gt3","AM  Kent Butaya, ford_mustang_gt3","AM  Kent Butaya, ford_mustang_gt3","AM  Kent Butaya, ford_mustang_gt3","AM  Kent Butaya, ford_mustang_gt3","AM  Kent Butaya, ford_mustang_gt3","AM  Kent Butaya, ford_mustang_gt3","AM  Kent Butaya, ford_mustang_gt3","AM  Kent Butaya, ford_mustang_gt3","AM  Kent Butaya, ford_mustang_gt3","AM  Kent Butaya, ford_mustang_gt3","AM  Kent Butaya, ford_mustang_gt3","AM  Kent Butaya, ford_mustang_gt3","AM  Kent Butaya, ford_mustang_gt3","AM  Kent Butaya, ford_mustang_gt3","AM  Kent Butaya, ford_mustang_gt3","AM  Kent Butaya, ford_mustang_gt3","AM  Kent Butaya, ford_mustang_gt3"
,,Lap 1,Lap 1,Lap 1,Lap 1,Lap 1,Lap 1,Lap 1,Lap 1,Lap 1,Lap 1,Lap 1,Lap 1,Lap 1,Lap 1,Lap 1,Lap 1,Lap 1,Lap 1,Lap 1,Lap 1,Lap 1,Lap 1,Lap 1,Lap 1,Lap 1,Lap 1,Lap 1,Lap 1,Lap 1
,,2:11.851,2:11.851,2:11.851,2:11.851,2:11.851,2:11.851,2:11.851,2:11.851,2:11.851,2:11.851,2:11.851,2:11.851,2:11.851,2:11.851,2:11.851,2:11.851,2:11.851,2:11.851,2:11.851,2:11.851,2:11.851,2:11.851,2:11.851,2:11.851,2:11.851,2:11.851,2:11.851,2:11.851,2:11.851
Steering Angle [°],Min,-31.1,-39.2,-57.8,-88.9,-22.3,-21.7,-29.3,-60.9,-6.8,15.3,-18.1,-13.2,-10.1,-93.2,-28.3,-38.2,2.6,-0.9,-1.2,-56.6,-24.0,-27.4,-17.7,-25.1,-3.9,-22.7,-26.8,-145.6,-4.6
Steering Angle [°],Max,3.3,175.6,15.5,320.0,25.6,11.1,-17.1,121.7,142.9,142.9,20.8,-10.1,87.6,98.6,-16.5,3.2,15.5,14.3,64.5,83.2,12.6,-11.2,-11.6,-2.8,28.1,47.2,42.9,50.8,3.0
Steering Angle [°],Range,34.4,214.8,73.3,408.9,47.9,32.8,12.2,182.6,149.7,127.6,38.9,3.1,97.7,191.8,11.8,41.4,12.9,15.2,65.7,139.8,36.6,16.3,6.1,22.3,32.0,69.9,69.6,196.5,7.6
Steering Angle [°],Avg,-6.1,6.2,-8.9,201.0,10.4,-7.0,-25.0,-19.6,12.5,77.3,3.1,-11.6,12.7,21.8,-23.6,-22.3,7.8,6.0,22.2,34.5,-2.4,-16.5,-15.0,-11.7,10.4,23.5,1.9,8.6,-0.8
Steering Angle [°],Start,-2.2,-27.2,-22.7,-55.7,-22.3,10.9,-21.7,-23.5,-1.6,142.9,15.3,-12.8,-10.1,87.6,-16.5,-20.6,3.2,14.3,1.9,64.5,12.6,-12.6,-17.1,-11.6,-3.9,28.1,2.5,42.9,-0.4
Steering Angle [°],End,-27.2,-22.7,-55.7,-22.3,10.9,-21.7,-23.5,-1.6,142.9,15.3,-12.8,-10.1,87.6,-16.5,-20.6,3.2,14.3,1.9,64.5,12.6,-12.6,-17.1,-11.6,-3.9,28.1,2.5,42.9,-0.4,-1.6
Steering Angle [°],Std Dev,8.1,60.3,17.7,109.9,11.9,10.3,3.8,45.2,28.5,48.2,9.2,1.1,26.0,64.5,2.6,9.7,3.6,4.9,18.9,39.2,5.3,4.9,1.7,6.2,9.9,16.6,23.4,25.4,1.5
Ground Speed [km/h],Min,156.5,149.6,92.4,1.0,48.0,87.6,109.9,95.6,68.8,67.5,96.1,212.9,85.5,81.6,109.7,134.6,177.5,181.6,107.1,104.2,130.3,215.2,220.0,224.1,140.9,121.9,105.3,103.3,170.2
Ground Speed [km/h],Max,248.5,167.3,209.3,96.4,87.6,109.9,119.8,134.0,241.4,96.1,212.9,219.7,233.6,109.7,134.6,177.5,195.4,199.2,181.6,130.3,215.2,220.0,224.1,233.2,233.5,148.8,171.2,248.9,213.9
Ground Speed [km/h],Range,92.0,17.7,116.9,95.4,39.6,22.3,9.9,38.5,172.6,28.6,116.8,6.7,148.0,28.1,24.8,42.9,17.9,17.6,74.5,26.1,84.9,4.8,4.1,9.0,92.6,26.9,65.9,145.6,43.8
Ground Speed [km/h],Avg,225.4,154.8,169.8,33.2,66.5,98.1,116.2,109.2,180.9,78.5,165.3,216.3,182.4,90.4,122.5,157.6,186.9,194.4,131.3,112.8,179.4,217.7,222.1,229.1,189.3,132.1,147.0,176.8,193.2
Ground Speed [km/h],Start,218.0,156.5,167.3,96.4,48.0,87.6,109.9,113.9,134.0,68.8,96.1,212.9,219.7,85.5,109.7,134.6,177.5,195.4,181.6,107.9,130.3,215.2,220.0,224.1,233.2,140.9,148.8,105.3,170.2
Ground Speed [km/h],End,156.5,167.3,96.4,48.0,87.6,109.9,113.9,134.0,68.8,96.1,212.9,219.7,85.5,109.7,134.6,177.5,195.4,181.6,107.9,130.3,215.2,220.0,224.1,233.2,140.9,148.8,105.3,170.2,213.9
Ground Speed [km/h],Std Dev,23.0,5.2,35.2,26.9,12.2,6.9,3.3,11.6,46.6,9.0,33.2,2.1,50.6,8.0,7.3,12.6,5.4,4.7,25.1,7.8,24.9,1.5,1.3,2.7,29.3,8.1,21.7,45.4,13.2
Brake Pos [%],Min,0.00,0.00,0.00,0.00,0.00,0.00,0.00,0.00,0.00,0.00,0.00,0.00,0.00,0.00,0.00,0.00,0.00,0.00,0.00,0.00,0.00,0.00,0.00,0.00,0.00,0.00,0.00,0.00,0.00
Brake Pos [%],Max,100.00,22.96,100.00,24.35,0.00,0.00,83.98,91.78,100.00,0.00,0.00,0.00,100.00,0.00,0.00,0.00,0.00,100.00,100.00,0.00,0.00,0.00,0.00,0.00,100.00,100.00,94.51,100.00,0.00
Brake Pos [%],Range,100.00,22.96,100.00,24.35,0.00,0.00,83.98,91.78,100.00,0.00,0.00,0.00,100.00,0.00,0.00,0.00,0.00,100.00,100.00,0.00,0.00,0.00,0.00,0.00,100.00,100.00,94.51,100.00,0.00
Brake Pos [%],Avg,23.71,0.46,32.16,0.65,0.00,0.00,11.07,8.41,20.69,0.00,0.00,0.00,54.53,0.00,0.00,0.00,0.00,44.21,59.79,0.00,0.00,0.00,0.00,0.00,91.52,9.54,32.84,6.83,0.00
Brake Pos [%],Start,0.00,22.96,0.00,0.00,0.00,0.00,0.00,83.98,0.00,0.00,0.00,0.00,0.00,0.00,0.00,0.00,0.00,0.00,100.00,0.00,0.00,0.00,0.00,0.00,0.00,100.00,0.00,0.00,0.00
Brake Pos [%],End,22.96,0.00,0.00,0.00,0.00,0.00,83.98,0.00,0.00,0.00,0.00,0.00,0.00,0.00,0.00,0.00,0.00,100.00,0.00,0.00,0.00,0.00,0.00,0.00,100.00,0.00,0.00,0.00,0.00
Brake Pos [%],Std Dev,40.44,2.82,45.85,3.42,0.00,0.00,20.99,24.51,38.45,0.00,0.00,0.00,48.28,0.00,0.00,0.00,0.00,46.93,45.44,0.00,0.00,0.00,0.00,0.00,25.64,25.23,42.45,24.50,0.00
Abs Lateral G [G],Min,0.00,0.25,0.00,0.00,0.01,0.02,0.53,0.00,0.00,0.55,0.01,0.82,0.01,0.02,0.31,0.02,0.03,0.31,0.31,0.55,0.00,0.92,1.21,0.29,0.01,0.83,0.03,0.00,0.00
Abs Lateral G [G],Max,1.93,2.05,7.08,1.79,0.53,0.53,1.17,1.60,1.75,1.72,1.51,1.38,1.60,1.83,1.20,1.93,1.20,1.27,1.60,2.09,1.71,1.66,1.54,2.20,1.39,2.02,1.59,4.44,0.34
Abs Lateral G [G],Range,1.93,1.80,7.07,1.79,0.52,0.51,0.63,1.60,1.75,1.17,1.51,0.56,1.59,1.82,0.89,1.91,1.17,0.96,1.29,1.54,1.71,0.75,0.34,1.91,1.37,1.19,1.56,4.44,0.34
Abs Lateral G [G],Avg,0.43,1.44,0.63,0.63,0.30,0.31,0.88,1.19,0.56,1.21,0.58,1.13,0.46,1.09,0.88,1.22,0.67,0.82,0.82,1.32,0.25,1.35,1.40,1.23,0.71,1.35,1.05,0.66,0.10
Abs Lateral G [G],Start,0.24,1.85,1.57,1.34,0.26,0.47,0.53,1.10,0.40,1.72,0.75,1.31,0.99,1.43,0.31,1.02,0.03,1.19,0.38,1.35,1.06,1.29,1.52,1.29,1.37,1.39,0.83,1.35,0.09
Abs Lateral G [G],End,1.85,1.57,1.34,0.26,0.47,0.53,1.10,0.40,1.72,0.75,1.31,0.99,1.43,0.31,1.02,0.03,1.19,0.38,1.35,1.06,1.29,1.52,1.29,1.37,1.39,0.83,1.35,0.09,0.04
Abs Lateral G [G],Std Dev,0.50,0.37,0.62,0.54,0.16,0.17,0.16,0.28,0.39,0.34,0.36,0.16,0.46,0.51,0.21,0.37,0.28,0.35,0.40,0.39,0.38,0.20,0.11,0.49,0.40,0.25,0.36,0.63,0.08
CG Accel Lateral [G],Min,-0.31,0.25,-7.08,-1.34,-0.53,-0.50,0.53,-0.50,-1.75,-1.72,-1.51,0.82,-1.60,-1.83,0.31,-0.03,-1.20,-1.27,-1.60,-2.09,-1.11,0.92,1.21,0.29,-1.39,-2.02,-1.49,-4.44,-0.34
CG Accel Lateral [G],Max,1.93,2.05,1.60,1.79,0.26,0.53,1.17,1.60,0.32,-0.55,1.31,1.38,0.99,0.57,1.20,1.93,-0.03,-0.31,-0.31,-0.55,1.71,1.66,1.54,2.20,1.37,-0.83,1.59,0.84,0.14
CG Accel Lateral [G],Range,2.23,1.80,8.68,3.13,0.79,1.03,0.63,2.10,2.08,1.17,2.83,0.56,2.58,2.40,0.89,1.96,1.17,0.96,1.29,1.54,2.83,0.75,0.34,1.91,2.76,1.19,3.07,5.29,0.47
CG Accel Lateral [G],Avg,0.36,1.44,0.14,0.26,-0.22,0.12,0.88,1.15,-0.51,-1.21,-0.27,1.13,-0.23,-1.00,0.88,1.22,-0.67,-0.82,-0.82,-1.32,0.08,1.35,1.40,1.23,-0.46,-1.35,0.15,-0.59,-0.05
CG Accel Lateral [G],Start,0.24,1.85,1.57,1.34,0.26,-0.47,0.53,1.10,-0.40,-1.72,-0.75,1.31,0.99,-1.43,0.31,1.02,-0.03,-1.19,-0.38,-1.35,-1.06,1.29,1.52,1.29,1.37,-1.39,-0.83,-1.35,0.09
CG Accel Lateral [G],End,1.85,1.57,1.34,0.26,-0.47,0.53,1.10,-0.40,-1.72,-0.75,1.31,0.99,-1.43,0.31,1.02,-0.03,-1.19,-0.38,-1.35,-1.06,1.29,1.52,1.29,1.37,-1.39,-0.83,-1.35,0.09,-0.03
CG Accel Lateral [G],Std Dev,0.56,0.37,0.87,0.79,0.25,0.33,0.16,0.40,0.46,0.34,0.62,0.16,0.61,0.66,0.21,0.37,0.28,0.35,0.40,0.39,0.45,0.20,0.11,0.49,0.68,0.25,1.10,0.70,0.11
CG Accel Longitudinal [G],Min,-1.81,-0.57,-1.80,-0.19,0.10,-0.33,-1.35,-1.37,-1.97,-0.22,-0.15,0.15,-1.83,-0.16,0.46,-0.13,0.27,-1.77,-1.73,-0.22,-0.16,0.10,0.17,0.03,-1.89,-1.30,-1.63,-1.76,-0.14
CG Accel Longitudinal [G],Max,0.26,0.53,2.31,0.88,0.95,0.86,0.62,0.71,0.57,0.70,0.89,0.26,0.26,0.72,0.64,0.56,0.37,0.33,0.21,0.78,0.62,0.28,0.22,0.39,0.20,0.59,0.54,0.66,0.48
CG Accel Longitudinal [G],Range,2.07,1.10,4.10,1.07,0.85,1.19,1.97,2.08,2.55,0.92,1.04,0.11,2.09,0.88,0.18,0.69,0.10,2.10,1.94,1.00,0.78,0.18,0.05,0.36,2.09,1.89,2.17,2.43,0.62
CG Accel Longitudinal [G],Avg,-0.22,0.23,-0.28,0.22,0.79,0.56,0.11,0.20,-0.11,0.40,0.38,0.21,-0.73,0.36,0.57,0.38,0.32,-0.50,-0.93,0.33,0.33,0.20,0.20,0.19,-1.36,0.14,-0.30,0.10,0.28
CG Accel Longitudinal [G],Start,0.23,-0.57,0.33,0.17,0.59,0.86,0.59,-1.34,0.57,-0.22,0.62,0.18,0.24,-0.13,0.60,0.53,0.34,0.32,-1.63,0.08,0.56,0.21,0.19,0.20,0.20,-1.18,0.42,-0.11,0.41
CG Accel Longitudinal [G],End,-0.57,0.33,0.17,0.59,0.86,0.59,-1.34,0.57,-0.22,0.62,0.18,0.24,-0.13,0.60,0.53,0.34,0.32,-1.63,0.08,0.56,0.21,0.19,0.20,0.20,-1.18,0.42,-0.11,0.41,0.14
CG Accel Longitudinal [G],Std Dev,0.67,0.20,0.86,0.24,0.19,0.21,0.58,0.51,0.71,0.23,0.17,0.02,0.84,0.25,0.04,0.13,0.02,0.90,0.69,0.30,0.14,0.03,0.01,0.04,0.49,0.49,0.78,0.46,0.10
CG Accel Vertical [G],Min,-0.69,-0.52,-0.49,-0.91,-0.58,-0.16,-0.30,-0.29,-0.51,-0.25,-0.64,-0.50,-0.55,-0.37,-0.18,-0.32,-0.36,-0.28,-0.60,-0.23,-0.49,-0.48,-0.25,-0.85,-0.41,-0.22,-0.29,-0.74,-0.66
CG Accel Vertical [G],Max,0.66,0.44,0.65,0.99,0.70,0.17,0.24,0.22,0.57,0.27,0.54,0.39,0.59,0.28,0.21,0.30,0.43,0.18,0.25,0.42,0.53,0.40,0.10,0.55,0.43,0.26,0.27,0.93,0.52
CG Accel Vertical [G],Range,1.36,0.96,1.13,1.90,1.27,0.32,0.54,0.51,1.07,0.51,1.18,0.89,1.14,0.65,0.38,0.61,0.79,0.46,0.84,0.65,1.02,0.88,0.35,1.40,0.85,0.48,0.56,1.67,1.18
CG Accel Vertical [G],Avg,-0.02,-0.04,-0.00,-0.00,-0.01,-0.01,-0.02,-0.01,0.00,-0.00,0.00,-0.00,-0.02,-0.02,-0.00,-0.01,-0.02,-0.02,-0.04,0.01,0.00,-0.07,-0.03,-0.03,-0.03,-0.03,-0.02,-0.01,0.01
CG Accel Vertical [G],Start,0.19,0.04,0.08,-0.11,0.70,0.08,-0.03,0.13,0.11,0.13,0.05,0.26,-0.09,-0.13,-0.04,0.08,-0.29,0.05,-0.01,-0.13,-0.04,0.05,-0.06,-0.09,0.01,0.04,-0.10,-0.10,0.12
CG Accel Vertical [G],End,0.04,0.08,-0.11,0.70,0.08,-0.03,0.13,0.11,0.13,0.05,0.26,-0.09,-0.13,-0.04,0.08,-0.29,0.05,-0.01,-0.13,-0.04,0.05,-0.06,-0.09,0.01,0.04,-0.10,-0.10,0.12,0.22
CG Accel Vertical [G],Std Dev,0.25,0.18,0.18,0.23,0.20,0.08,0.13,0.11,0.16,0.11,0.16,0.22,0.18,0.12,0.09,0.11,0.19,0.12,0.12,0.14,0.19,0.23,0.09,0.26,0.19,0.09,0.11,0.16,0.24
